place_in_repository,sum_en,sum_kk,sum_mn,place_en,place_kk,place_mn,aimag,aimag_kk,aimag_mn
Bugat Sum,Bugat,Бұғат,Бугат,Sum centre,сұмын орталығы,сумын төв,Bayan-Ölgii,Баян-Өлгей,Баян-Өлгий
"Bugat Sum/Бугат сұмын, Bayan Ölgii",Bugat,Бұғат,Бугат,Sum centre,сұмын орталығы,сумын төв,Bayan-Ölgii,Баян-Өлгей,Баян-Өлгий
"Bulgan Sum, Dund Jargalant",Bulgan,Бұлғын,Булган,Dund Jargalant,Дунд Жаргалант,Дунд Жаргалант,Bayan-Ölgii,Баян-Өлгей,Баян-Өлгий
"Bulgan Sum, Dund Jargalant/Бұлғын сұмын, Дунд Жаргалант, Bayan Ölgii",Bulgan,Бұлғын,Булган,Dund Jargalant,Дунд Жаргалант,Дунд Жаргалант,Bayan-Ölgii,Баян-Өлгей,Баян-Өлгий
"Bulgan Sum, Dund Jargalant /Бұлғын сұмын, Дунд Жаргалант, Bayan Ölgii",Bulgan,Бұлғын,Булган,Dund Jargalant,Дунд Жаргалант,Дунд Жаргалант,Bayan-Ölgii,Баян-Өлгей,Баян-Өлгий
"Bulgan Sum, Dundtomort, Khargayt",Bulgan,Бұлғын,Булган,Dund Tömört,Дунд Төмөрт,Дунд Төмөрт,Bayan-Ölgii,Баян-Өлгей,Баян-Өлгий
"Bulgan Sum, Dundtomort, Khorj",Bulgan,Бұлғын,Булган,Dund Tömört,Дунд Төмөрт,Дунд Төмөрт,Bayan-Ölgii,Баян-Өлгей,Баян-Өлгий
"Bulgan Sum, Dundtömirt",Bulgan,Бұлғын,Булган,Dund Tömört,Дунд Төмөрт,Дунд Төмөрт,Bayan-Ölgii,Баян-Өлгей,Баян-Өлгий
"Bulgan, Dundtömirt",Bulgan,Бұлғын,Булган,Dund Tömört,Дунд Төмөрт,Дунд Төмөрт,Bayan-Ölgii,Баян-Өлгей,Баян-Өлгий
"Bulgan, Dundtömirt/Бұлғын, Дунд Төмөрт, Bayan Ölgii",Bulgan,Бұлғын,Булган,Dund Tömört,Дунд Төмөрт,Дунд Төмөрт,Bayan-Ölgii,Баян-Өлгей,Баян-Өлгий
"Bulgan Sum, Dundtomort, Khargayt/Булган сум, Дунд Төмөрт, Харгайт, Bayan Ölgii",Bulgan,Бұлғын,Булган,Dund Tömört,Дунд Төмөрт,Дунд Төмөрт,Bayan-Ölgii,Баян-Өлгей,Баян-Өлгий
"Bulgan Sum, Dundtomort, Khorj/Булган сум, Дунд Төмөрт, Хорж, Bayan Ölgii",Bulgan,Бұлғын,Булган,Dund Tömört,Дунд Төмөрт,Дунд Төмөрт,Bayan-Ölgii,Баян-Өлгей,Баян-Өлгий
"Bulgan Sum, Dundtömirt/Бұлғын сұмыны, Дунд Төмөрт, Bayan Ölgii",Bulgan,Бұлғын,Булган,Dund Tömört,Дунд Төмөрт,Дунд Төмөрт,Bayan-Ölgii,Баян-Өлгей,Баян-Өлгий
"Bulgan Sum, Ikh Jargalant",Bulgan,Бұлғын,Булган,Ikh Jargalant,Их Жаргалант,Их Жаргалант,Bayan-Ölgii,Баян-Өлгей,Баян-Өлгий
"Bulgan Sum, Ikh Jargalant/Бұлғын сұмын, Их Жаргалант, Bayan Ölgii",Bulgan,Бұлғын,Булган,Ikh Jargalant,Их Жаргалант,Их Жаргалант,Bayan-Ölgii,Баян-Өлгей,Баян-Өлгий
"Bulgan Sum, Ikh Tömirt",Bulgan,Бұлғын,Булган,Ikh Tömört,Их Төмөрт,Их Төмөрт,Bayan-Ölgii,Баян-Өлгей,Баян-Өлгий
"Bulgan Sum, Ikh Tömirt/Бұлғын сұмыны, Их Төмөрт, Bayan Ölgii",Bulgan,Бұлғын,Булган,Ikh Tömört,Их Төмөрт,Их Төмөрт,Bayan-Ölgii,Баян-Өлгей,Баян-Өлгий
"Bulgan Sum, Ikh Tömirt/Булган сум, Их Төмөрт, Bayan Ölgii",Bulgan,Бұлғын,Булган,Ikh Tömört,Их Төмөрт,Их Төмөрт,Bayan-Ölgii,Баян-Өлгей,Баян-Өлгий
"Bulgan Sum, Indert",Bulgan,Бұлғын,Булган,Indert,Индэрт,Индэрт,Bayan-Ölgii,Баян-Өлгей,Баян-Өлгий
"Bulgan Sum, Indert/Бұлғын сұмын, Индэрт, Bayan Ölgii",Bulgan,Бұлғын,Булган,Indert,Индэрт,Индэрт,Bayan-Ölgii,Баян-Өлгей,Баян-Өлгий
"Bulgan Sum, Khuyten Khoshuu",Bulgan,Бұлғын,Булган,Khüiten Khoshuu,Хүйтэн Хошуу,Хүйтэн Хошуу,Bayan-Ölgii,Баян-Өлгей,Баян-Өлгий
"Bulgan Sum, Khuyten Khoshuu/Бұлғын сұмыны, Хүйтэн хошуу, Bayan Ölgii",Bulgan,Бұлғын,Булган,Khüiten Khoshuu,Хүйтэн Хошуу,Хүйтэн Хошуу,Bayan-Ölgii,Баян-Өлгей,Баян-Өлгий
"Bulgan Sum, Qara Kol",Bulgan,Бұлғын,Булган,Qara Köl,Қара Көл,Хар нуур,Bayan-Ölgii,Баян-Өлгей,Баян-Өлгий
"Bulgan Sum, Qara Kol/Бұлғын сұмын, Қара көл, Bayan Ölgii",Bulgan,Бұлғын,Булган,Qara Köl,Қара Көл,Хар нуур,Bayan-Ölgii,Баян-Өлгей,Баян-Өлгий
"Bulgan Sum, Saykhan",Bulgan,Бұлғын,Булган,Saikhan,Сайхан,Сайхан,Bayan-Ölgii,Баян-Өлгей,Баян-Өлгий
"Bulgan Sum, Saykhan/Бұлғын сұмыны, Сайхан, Bayan Ölgii",Bulgan,Бұлғын,Булган,Saikhan,Сайхан,Сайхан,Bayan-Ölgii,Баян-Өлгей,Баян-Өлгий
"Bulgan Sum, Saykhan/Бұлғын сұмын, Сайхан, Bayan Ölgii",Bulgan,Бұлғын,Булган,Saikhan,Сайхан,Сайхан,Bayan-Ölgii,Баян-Өлгей,Баян-Өлгий
Bulgan Sum,Bulgan,Бұлғын,Булган,Sum centre,сұмын орталығы,сумын төв,Bayan-Ölgii,Баян-Өлгей,Баян-Өлгий
Bulgan Sum center,Bulgan,Бұлғын,Булган,Sum centre,сұмын орталығы,сумын төв,Bayan-Ölgii,Баян-Өлгей,Баян-Өлгий
"Bulgan Sum/Бұлғын сұмын, Bayan Ölgii",Bulgan,Бұлғын,Булган,Sum centre,сұмын орталығы,сумын төв,Bayan-Ölgii,Баян-Өлгей,Баян-Өлгий
"Bulgan Sum/Бұлғын сұмыны, Bayan Ölgii",Bulgan,Бұлғын,Булган,Sum centre,сұмын орталығы,сумын төв,Bayan-Ölgii,Баян-Өлгей,Баян-Өлгий
"Bulgan Sum center/Бұлғын сұмын орталығы, Bayan Ölgii",Bulgan,Бұлғын,Булган,Sum centre,сұмын орталығы,сумын төв,Bayan-Ölgii,Баян-Өлгей,Баян-Өлгий
"Bulgan Sum, Tuulait",Bulgan,Бұлғын,Булган,Tuulait,Туулайт,Туулайт,Bayan-Ölgii,Баян-Өлгей,Баян-Өлгий
"Bulgan Sum, Tuulayt",Bulgan,Бұлғын,Булган,Tuulait,Туулайт,Туулайт,Bayan-Ölgii,Баян-Өлгей,Баян-Өлгий
"Bulgan Sum, Tuulayt, Danzin Kharagai",Bulgan,Бұлғын,Булган,Tuulait,Туулайт,Туулайт,Bayan-Ölgii,Баян-Өлгей,Баян-Өлгий
"Bulgan Sum, Tuulayt, Khujirlikh",Bulgan,Бұлғын,Булган,Tuulait,Туулайт,Туулайт,Bayan-Ölgii,Баян-Өлгей,Баян-Өлгий
"Bulgan Sum, Tuulait/Бұлғын сұмыны, Туулайт, Bayan Ölgii",Bulgan,Бұлғын,Булган,Tuulait,Туулайт,Туулайт,Bayan-Ölgii,Баян-Өлгей,Баян-Өлгий
"Bulgan Sum, Tuulayt/Бұлғын сұмын, Bayan Ölgii",Bulgan,Бұлғын,Булган,Tuulait,Туулайт,Туулайт,Bayan-Ölgii,Баян-Өлгей,Баян-Өлгий
"Bulgan Sum, Tuulayt, Danzin Kharagai/Бұлғын сұмын, Туулайт, Данзан Қарағай, Bayan Ölgii",Bulgan,Бұлғын,Булган,Tuulait,Туулайт,Туулайт,Bayan-Ölgii,Баян-Өлгей,Баян-Өлгий
"Bulgan Sum, Tuulayt, Khujirlikh/Бұлғын сұмын, Туулайт, Құжырлық, Bayan Ölgii",Bulgan,Бұлғын,Булган,Tuulait,Туулайт,Туулайт,Bayan-Ölgii,Баян-Өлгей,Баян-Өлгий
"Bulgan Sum, Tuulayt/Бұлғын сұмын, Туулайт, Bayan Ölgii",Bulgan,Бұлғын,Булган,Tuulait,Туулайт,Туулайт,Bayan-Ölgii,Баян-Өлгей,Баян-Өлгий
"Bulgan Sum, Tuulayt/Бұлғын сұмыны, Туулайт, Bayan Ölgii",Bulgan,Бұлғын,Булган,Tuulait,Туулайт,Туулайт,Bayan-Ölgii,Баян-Өлгей,Баян-Өлгий
"Bulgan Sum, Tuulayt /Бұлғын сұмыны, Туулайт, Bayan Ölgii",Bulgan,Бұлғын,Булган,Tuulait,Туулайт,Туулайт,Bayan-Ölgii,Баян-Өлгей,Баян-Өлгий
"Bulgan Sum, Turgen",Bulgan,Бұлғын,Булган,Türgen,Түргэн,Түргэн,Bayan-Ölgii,Баян-Өлгей,Баян-Өлгий
"Bulgan Sum, Turgen/Бұлғын сұмын, Түргэн, Bayan Ölgii",Bulgan,Бұлғын,Булган,Türgen,Түргэн,Түргэн,Bayan-Ölgii,Баян-Өлгей,Баян-Өлгий
"Bulgan Sum, Ulaagchin",Bulgan,Бұлғын,Булган,Ulaagchin,Улаагчин,Улаагчин,Bayan-Ölgii,Баян-Өлгей,Баян-Өлгий
"Bulgan Sum, Ulaagchin/Бұлғын сұмыны, Улаагчин, Bayan Ölgii",Bulgan,Бұлғын,Булган,Ulaagchin,Улаагчин,Улаагчин,Bayan-Ölgii,Баян-Өлгей,Баян-Өлгий
"Bulgan Sum, Ulaandavaa",Bulgan,Бұлғын,Булган,Ulaandavaa,Улаандаваа,Улаан даваа,Bayan-Ölgii,Баян-Өлгей,Баян-Өлгий
"Bulgan Sum, Ulaandavaa/Бұлғын сұмын, Улаандаваада, Bayan Ölgii",Bulgan,Бұлғын,Булган,Ulaandavaa,Улаандаваа,Улаан даваа,Bayan-Ölgii,Баян-Өлгей,Баян-Өлгий
"Bulgan Sum, Yolt",Bulgan,Бұлғын,Булган,Yolt,Ёлт,Ёлт,Bayan-Ölgii,Баян-Өлгей,Баян-Өлгий
"Bulgan Sum, Yolt/Бұлғын сұмын, Ёлт, Bayan Ölgii",Bulgan,Бұлғын,Булган,Yolt,Ёлт,Ёлт,Bayan-Ölgii,Баян-Өлгей,Баян-Өлгий
"Deluun Sum, Bulagt",Deluun,Дэлүүн,Дэлүүн,Bulagt,Бұлақ,Булагт,Bayan-Ölgii,Баян-Өлгей,Баян-Өлгий
"Delvvn Sum, Bulagt",Deluun,Дэлүүн,Дэлүүн,Bulagt,Бұлақ,Булагт,Bayan-Ölgii,Баян-Өлгей,Баян-Өлгий
"Deluun Sum, Bulagt/Дэлүүн сұмыны, Бұлақ, Bayan Ölgii",Deluun,Дэлүүн,Дэлүүн,Bulagt,Бұлақ,Булагт,Bayan-Ölgii,Баян-Өлгей,Баян-Өлгий
"Delvvn Sum, Bulagt/Дэлүүн сұмыны, Бұлақ, Bayan Ölgii",Deluun,Дэлүүн,Дэлүүн,Bulagt,Бұлақ,Булагт,Bayan-Ölgii,Баян-Өлгей,Баян-Өлгий
"Delvvn Sum, Bulagt/Дэлүүн сұмын, Бұлақ, Bayan Ölgii",Deluun,Дэлүүн,Дэлүүн,Bulagt,Бұлақ,Булагт,Bayan-Ölgii,Баян-Өлгей,Баян-Өлгий
Deluun Sum,Deluun,Дэлүүн,Дэлүүн,Sum centre,сұмын орталығы,сумын төв,Bayan-Ölgii,Баян-Өлгей,Баян-Өлгий
Deluun Sum center,Deluun,Дэлүүн,Дэлүүн,Sum centre,сұмын орталығы,сумын төв,Bayan-Ölgii,Баян-Өлгей,Баян-Өлгий
Delvvn Center,Deluun,Дэлүүн,Дэлүүн,Sum centre,сұмын орталығы,сумын төв,Bayan-Ölgii,Баян-Өлгей,Баян-Өлгий
Delvvn Sum,Deluun,Дэлүүн,Дэлүүн,Sum centre,сұмын орталығы,сумын төв,Bayan-Ölgii,Баян-Өлгей,Баян-Өлгий
Delvvn Sum center,Deluun,Дэлүүн,Дэлүүн,Sum centre,сұмын орталығы,сумын төв,Bayan-Ölgii,Баян-Өлгей,Баян-Өлгий
"Deluun Sum/Дэлүүн сұмыны, Bayan Ölgii",Deluun,Дэлүүн,Дэлүүн,Sum centre,сұмын орталығы,сумын төв,Bayan-Ölgii,Баян-Өлгей,Баян-Өлгий
"Deluun Sum center/Дэлүүн сұмын орталығы, Bayan Ölgii",Deluun,Дэлүүн,Дэлүүн,Sum centre,сұмын орталығы,сумын төв,Bayan-Ölgii,Баян-Өлгей,Баян-Өлгий
"Delvvn Center/Дэлүүн сұмын орталығы, Bayan Ölgii",Deluun,Дэлүүн,Дэлүүн,Sum centre,сұмын орталығы,сумын төв,Bayan-Ölgii,Баян-Өлгей,Баян-Өлгий
"Delvvn Sum/Дэлүүн сұмын, Bayan Ölgii",Deluun,Дэлүүн,Дэлүүн,Sum centre,сұмын орталығы,сумын төв,Bayan-Ölgii,Баян-Өлгей,Баян-Өлгий
"Delvvn Sum center/Дэлүүн сұмын орталығы, Bayan Ölgii",Deluun,Дэлүүн,Дэлүүн,Sum centre,сұмын орталығы,сумын төв,Bayan-Ölgii,Баян-Өлгей,Баян-Өлгий
"Delvvn Sum Center /Дэлүүн сұмын орталығы, Bayan Ölgii",Deluun,Дэлүүн,Дэлүүн,Sum centre,сұмын орталығы,сумын төв,Bayan-Ölgii,Баян-Өлгей,Баян-Өлгий
"Khovd Sum, Buyan Bulag",Khovd,Қобда,Ховд,Buyan Bulag,Баян Булаг,Баян Булаг,Khovd,Қобда,Ховд
"Khovd Sum, Buyan Bulag/Қобда сұмын, Баян Булаг, Khovd",Khovd,Қобда,Ховд,Buyan Bulag,Баян Булаг,Баян Булаг,Khovd,Қобда,Ховд
"Khovd Sum, Ortasu",Khovd,Қобда,Ховд,Ortasu,Ортасу,,Khovd,Қобда,Ховд
"Khovd Sum, Ortasu/Қобда сұмын, Ортасу, Khovd",Khovd,Қобда,Ховд,Ortasu,Ортасу,,Khovd,Қобда,Ховд
Khovd Sum,Khovd,Қобда,Ховд,Sum centre,сұмын орталығы,сумын төв,Khovd,Қобда,Ховд
Khovd Sum Center,Khovd,Қобда,Ховд,Sum centre,сұмын орталығы,сумын төв,Khovd,Қобда,Ховд
"Khovd Sum/Қобда сұмын, Khovd",Khovd,Қобда,Ховд,Sum centre,сұмын орталығы,сумын төв,Khovd,Қобда,Ховд
"Khovd Sum Center/Қобда сұмын  орталығы, Khovd",Khovd,Қобда,Ховд,Sum centre,сұмын орталығы,сумын төв,Khovd,Қобда,Ховд
"Khovd Sum Center /Қобда сұмын, Khovd",Khovd,Қобда,Ховд,Sum centre,сұмын орталығы,сумын төв,Khovd,Қобда,Ховд
"Khovd Sum, Tsaagaanburgas",Khovd,Қобда,Ховд,Tsagaanburgas,Цагаанбургас,Цагаанбургас,Khovd,Қобда,Ховд
"Khovd Sum, Tsaagaanburgas/Қобда сұмын, Цагаанбургас, Khovd",Khovd,Қобда,Ховд,Tsagaanburgas,Цагаанбургас,Цагаанбургас,Khovd,Қобда,Ховд
"Khovd Sum, Orgon Shireg",Khovd,Қобда,Ховд,Örgön Shireg,Өргөн Ширэг,Өргөн Ширэг,Khovd,Қобда,Ховд
"Khovd Sum, Orgon Shireg/Қобда сұмын, ӨргӨн Ширэг, Khovd",Khovd,Қобда,Ховд,Örgön Shireg,Өргөн Ширэг,Өргөн Ширэг,Khovd,Қобда,Ховд
Khovd,Khovd city,Қобда қаласы,Ховд хот,,,,Khovd,Қобда,Ховд
"Khovd/Қобда, Khovd",Khovd city,Қобда қаласы,Ховд хот,,,,Khovd,Қобда,Ховд
"Khovd/Қобда, Bayan Ölgii",Khovd city,Қобда қаласы,Ховд хот,,,,Khovd,Қобда,Ховд
"Nogonnuur Sum, Basky Kopir",Nogoonnuur,Ногооннуур,Ногооннуур,Basky Köpir,Басқы Көпір,,Bayan-Ölgii,Баян-Өлгей,Баян-Өлгий
Nogoonnuur Sum Baski Kopir,Nogoonnuur,Ногооннуур,Ногооннуур,Basky Köpir,Басқы Көпір,,Bayan-Ölgii,Баян-Өлгей,Баян-Өлгий
"Nogoonnuur Sum, Baski Kopir",Nogoonnuur,Ногооннуур,Ногооннуур,Basky Köpir,Басқы Көпір,,Bayan-Ölgii,Баян-Өлгей,Баян-Өлгий
"Nogoonnuur Sum, Basky Kopir",Nogoonnuur,Ногооннуур,Ногооннуур,Basky Köpir,Басқы Көпір,,Bayan-Ölgii,Баян-Өлгей,Баян-Өлгий
"Nogonnuur Sum, Basky Kopir/Ногооннуур сұмын, Басқы Көпір, Bayan Ölgii",Nogoonnuur,Ногооннуур,Ногооннуур,Basky Köpir,Басқы Көпір,,Bayan-Ölgii,Баян-Өлгей,Баян-Өлгий
"Nogoonnuur Sum, Baski Kopir/Ногооннуур сұмыны, Басқы Көпір, Bayan Ölgii",Nogoonnuur,Ногооннуур,Ногооннуур,Basky Köpir,Басқы Көпір,,Bayan-Ölgii,Баян-Өлгей,Баян-Өлгий
"Nogoonnuur Sum, Basky Kopir/Ногооннуур сұмын, Басқы Көпір, Bayan Ölgii",Nogoonnuur,Ногооннуур,Ногооннуур,Basky Köpir,Басқы Көпір,,Bayan-Ölgii,Баян-Өлгей,Баян-Өлгий
"Nogoonnuur Sum Baski Kopir/Ногооннуур сұмыны, Басқы Көпір, Bayan Ölgii",Nogoonnuur,Ногооннуур,Ногооннуур,Basky Köpir,Басқы Көпір,,Bayan-Ölgii,Баян-Өлгей,Баян-Өлгий
"Nogoonnuur Sum, Bugat, Toshant",Nogoonnuur,Ногооннуур,Ногооннуур,Bugat,Бұғат,,Bayan-Ölgii,Баян-Өлгей,Баян-Өлгий
"Nogoonnuur Sum, Toshant",Nogoonnuur,Ногооннуур,Ногооннуур,Bugat,Бұғат,,Bayan-Ölgii,Баян-Өлгей,Баян-Өлгий
"Nogoonnuur Sum, Bugat, Toshant/Ногооннуур сұмын, Бұғат, Тошант, Bayan Ölgii",Nogoonnuur,Ногооннуур,Ногооннуур,Bugat,Бұғат,,Bayan-Ölgii,Баян-Өлгей,Баян-Өлгий
"Nogoonnuur Sum, Toshant/Ногооннуур сұмын, Бұғат, Тошант, Bayan Ölgii",Nogoonnuur,Ногооннуур,Ногооннуур,Bugat,Бұғат,,Bayan-Ölgii,Баян-Өлгей,Баян-Өлгий
"Nogoonnuur Sum, Toshant/Ногооннуур сұмыны, Тошант, Bayan Ölgii",Nogoonnuur,Ногооннуур,Ногооннуур,Bugat,Бұғат,,Bayan-Ölgii,Баян-Өлгей,Баян-Өлгий
"Nogoonnuur Sum, Burkitbay Tobe",Nogoonnuur,Ногооннуур,Ногооннуур,Burkitbay Töbe,Бүркітбай Төбе,,Bayan-Ölgii,Баян-Өлгей,Баян-Өлгий
"Nogoonnuur Sum, Burkitbay Tobe/Ногооннуур сұмын, Бүркітбай Төбе, Bayan Ölgii",Nogoonnuur,Ногооннуур,Ногооннуур,Burkitbay Töbe,Бүркітбай Төбе,,Bayan-Ölgii,Баян-Өлгей,Баян-Өлгий
"Nogoonnur Sum, Khara Mandai",Nogoonnuur,Ногооннуур,Ногооннуур,Khara Manday,Қара Маңдай,,Bayan-Ölgii,Баян-Өлгей,Баян-Өлгий
"Nogoonnuur Sum, Khara Manday",Nogoonnuur,Ногооннуур,Ногооннуур,Khara Manday,Қара Маңдай,,Bayan-Ölgii,Баян-Өлгей,Баян-Өлгий
"Nogoonnuur Sum, Khara Manday, Bastau",Nogoonnuur,Ногооннуур,Ногооннуур,Khara Manday,Қара Маңдай,,Bayan-Ölgii,Баян-Өлгей,Баян-Өлгий
"Nogoonnuur Sum, Khara Manday, Buyra",Nogoonnuur,Ногооннуур,Ногооннуур,Khara Manday,Қара Маңдай,,Bayan-Ölgii,Баян-Өлгей,Баян-Өлгий
"Nogoonnuur Sum, Khara Manday, Koskol",Nogoonnuur,Ногооннуур,Ногооннуур,Khara Manday,Қара Маңдай,,Bayan-Ölgii,Баян-Өлгей,Баян-Өлгий
"Nogoonnuur Sum, Khara Manday, Qara Tobe",Nogoonnuur,Ногооннуур,Ногооннуур,Khara Manday,Қара Маңдай,,Bayan-Ölgii,Баян-Өлгей,Баян-Өлгий
"Nogoonnuur, Khara Manday, Koskol",Nogoonnuur,Ногооннуур,Ногооннуур,Khara Manday,Қара Маңдай,,Bayan-Ölgii,Баян-Өлгей,Баян-Өлгий
"Nogoonuur Sum, Khara Manday",Nogoonnuur,Ногооннуур,Ногооннуур,Khara Manday,Қара Маңдай,,Bayan-Ölgii,Баян-Өлгей,Баян-Өлгий
"Recorded in Nogoonnuur Sum, Khara Manday, Koskol.",Nogoonnuur,Ногооннуур,Ногооннуур,Khara Manday,Қара Маңдай,,Bayan-Ölgii,Баян-Өлгей,Баян-Өлгий
"Nogoonnur Sum, Khara Mandai/Ногооннуур сұмыны, Қара Маңдай, Bayan Ölgii",Nogoonnuur,Ногооннуур,Ногооннуур,Khara Manday,Қара Маңдай,,Bayan-Ölgii,Баян-Өлгей,Баян-Өлгий
"Nogoonnuur, Khara Manday, Koskol/Ногооннуур сұмын, Қара Маңдай, Қоскөл, Bayan Ölgii",Nogoonnuur,Ногооннуур,Ногооннуур,Khara Manday,Қара Маңдай,,Bayan-Ölgii,Баян-Өлгей,Баян-Өлгий
"Nogoonnuur Sum, Khara Manday, Bayan Ölgii",Nogoonnuur,Ногооннуур,Ногооннуур,Khara Manday,Қара Маңдай,,Bayan-Ölgii,Баян-Өлгей,Баян-Өлгий
"Nogoonnuur Sum, Khara Manday, Bastau/Ногооннуур сұмыны, Қара Маңдай, Бастау, Bayan Ölgii",Nogoonnuur,Ногооннуур,Ногооннуур,Khara Manday,Қара Маңдай,,Bayan-Ölgii,Баян-Өлгей,Баян-Өлгий
"Nogoonnuur Sum, Khara Manday, Buyra/Ногооннуур сұмын, Қара Маңдай, Бұйра, Bayan Ölgii",Nogoonnuur,Ногооннуур,Ногооннуур,Khara Manday,Қара Маңдай,,Bayan-Ölgii,Баян-Өлгей,Баян-Өлгий
"Nogoonnuur Sum, Khara Manday, Koskol/Ногооннуур сұмын, Қара Маңдай, Қоскөл, Bayan Ölgii",Nogoonnuur,Ногооннуур,Ногооннуур,Khara Manday,Қара Маңдай,,Bayan-Ölgii,Баян-Өлгей,Баян-Өлгий
"Nogoonnuur Sum, Khara Manday, Qara Tobe/Ногооннуур сұмын, Қара Маңдай, Қара Төбе, Bayan Ölgii",Nogoonnuur,Ногооннуур,Ногооннуур,Khara Manday,Қара Маңдай,,Bayan-Ölgii,Баян-Өлгей,Баян-Өлгий
"Nogoonnuur Sum, Khara Manday /Ногооннуур сұмыны, Қара Маңдай, Bayan Ölgii",Nogoonnuur,Ногооннуур,Ногооннуур,Khara Manday,Қара Маңдай,,Bayan-Ölgii,Баян-Өлгей,Баян-Өлгий
"Nogoonnuur Sum, Khara Manday/Ногооннуур сұмыны, Қара Маңдай, Bayan Ölgii",Nogoonnuur,Ногооннуур,Ногооннуур,Khara Manday,Қара Маңдай,,Bayan-Ölgii,Баян-Өлгей,Баян-Өлгий
"Nogoonuur Sum, Khara Manday/Ногооннуур сұмыны, Қара Маңдай, Bayan Ölgii",Nogoonnuur,Ногооннуур,Ногооннуур,Khara Manday,Қара Маңдай,,Bayan-Ölgii,Баян-Өлгей,Баян-Өлгий
"Recorded in Nogoonnuur Sum, Khara Manday, Koskol./Ногооннуур сұмын, Қара Маңдай, Қоскөл, Bayan Ölgii",Nogoonnuur,Ногооннуур,Ногооннуур,Khara Manday,Қара Маңдай,,Bayan-Ölgii,Баян-Өлгей,Баян-Өлгий
"Nogoonnuur Sum, Khiratbay Tobe",Nogoonnuur,Ногооннуур,Ногооннуур,Khiratbay Töbe,Қиратбай Төбе,,Bayan-Ölgii,Баян-Өлгей,Баян-Өлгий
"Nogoonnuur Sum, Khiratbey Tobe",Nogoonnuur,Ногооннуур,Ногооннуур,Khiratbay Töbe,Қиратбай Төбе,,Bayan-Ölgii,Баян-Өлгей,Баян-Өлгий
"Nogoonnuur Sum, Khiratbay Tobe/Ногооннуур сұмын, Қиратбай Төбе, Bayan Ölgii",Nogoonnuur,Ногооннуур,Ногооннуур,Khiratbay Töbe,Қиратбай Төбе,,Bayan-Ölgii,Баян-Өлгей,Баян-Өлгий
"Nogoonnuur Sum, Khiratbey Tobe/Ногооннуур сұмыны, Қиратбай Төбе, Bayan Ölgii",Nogoonnuur,Ногооннуур,Ногооннуур,Khiratbay Töbe,Қиратбай Төбе,,Bayan-Ölgii,Баян-Өлгей,Баян-Өлгий
"Nogoonnuur Sum, Kire Jamat",Nogoonnuur,Ногооннуур,Ногооннуур,Kire Jamat,Кіре Жамат,,Bayan-Ölgii,Баян-Өлгей,Баян-Өлгий
"Nogoonnuur Sum, Kire Jamat/Ногооннуур сұмыны, Кіре Жамат, Bayan Ölgii",Nogoonnuur,Ногооннуур,Ногооннуур,Kire Jamat,Кіре Жамат,,Bayan-Ölgii,Баян-Өлгей,Баян-Өлгий
"Nogoonnuur Sum, Shirekt",Nogoonnuur,Ногооннуур,Ногооннуур,Shirekt,Ширэгт,Ширэгт,Bayan-Ölgii,Баян-Өлгей,Баян-Өлгий
"Nogoonnuur Sum, Shirekt/Ногооннуур сұмын, Ширэг, Bayan Ölgii",Nogoonnuur,Ногооннуур,Ногооннуур,Shirekt,Ширэгт,Ширэгт,Bayan-Ölgii,Баян-Өлгей,Баян-Өлгий
"Nogoonnuur Sum, Shirekt/Ногооннуур сұмыны, Ширэгт, Bayan Ölgii",Nogoonnuur,Ногооннуур,Ногооннуур,Shirekt,Ширэгт,Ширэгт,Bayan-Ölgii,Баян-Өлгей,Баян-Өлгий
"Nogoonnuur Sum, Shirekt /Ногооннуур сұмыны, Ширэгт, Bayan Ölgii",Nogoonnuur,Ногооннуур,Ногооннуур,Shirekt,Ширэгт,Ширэгт,Bayan-Ölgii,Баян-Өлгей,Баян-Өлгий
Nogoonnuur Sum,Nogoonnuur,Ногооннуур,Ногооннуур,Sum centre,сұмын орталығы,сумын төв,Bayan-Ölgii,Баян-Өлгей,Баян-Өлгий
"Nogoonnuur Sum/Ногооннуур сұмын, Bayan Ölgii",Nogoonnuur,Ногооннуур,Ногооннуур,Sum centre,сұмын орталығы,сумын төв,Bayan-Ölgii,Баян-Өлгей,Баян-Өлгий
"Nogoonnuur Sum/Ногооннуур сұмыны, Bayan Ölgii",Nogoonnuur,Ногооннуур,Ногооннуур,Sum centre,сұмын орталығы,сумын төв,Bayan-Ölgii,Баян-Өлгей,Баян-Өлгий
"Nogoonnuur Sum, Temir Kopir",Nogoonnuur,Ногооннуур,Ногооннуур,Temir Köpir,Темір Көпір,,Bayan-Ölgii,Баян-Өлгей,Баян-Өлгий
"Nogoonnuur Sum, Temir Kopir.",Nogoonnuur,Ногооннуур,Ногооннуур,Temir Köpir,Темір Көпір,,Bayan-Ölgii,Баян-Өлгей,Баян-Өлгий
"Nogoonnuur Sum, Temir Kopir/Ногооннуур сұмыны, Темір Көпір, Bayan Ölgii",Nogoonnuur,Ногооннуур,Ногооннуур,Temir Köpir,Темір Көпір,,Bayan-Ölgii,Баян-Өлгей,Баян-Өлгий
"Nogoonnuur Sum, Temir Kopir/Ногооннуур сұмын, Темір Көпір, Bayan Ölgii",Nogoonnuur,Ногооннуур,Ногооннуур,Temir Köpir,Темір Көпір,,Bayan-Ölgii,Баян-Өлгей,Баян-Өлгий
"Nogoonnuur Sum, Temir Kopir. /Ногооннуур сұмын, Темір Көпір, Bayan Ölgii",Nogoonnuur,Ногооннуур,Ногооннуур,Temir Köpir,Темір Көпір,,Bayan-Ölgii,Баян-Өлгей,Баян-Өлгий
"Nogoonnuur Sum, Zoolon",Nogoonnuur,Ногооннуур,Ногооннуур,Zoolon,Зөөлөн,Зөөлөн,Bayan-Ölgii,Баян-Өлгей,Баян-Өлгий
"Nogoonnuur Sum, Zoolon/Ногооннуур сұмыны, Зөөлөн, Bayan Ölgii",Nogoonnuur,Ногооннуур,Ногооннуур,Zoolon,Зөөлөн,Зөөлөн,Bayan-Ölgii,Баян-Өлгей,Баян-Өлгий
"Nogoonnuur Sum, Zoolon/Ногооннуур сұмын, Зөөлөн, Bayan Ölgii",Nogoonnuur,Ногооннуур,Ногооннуур,Zoolon,Зөөлөн,Зөөлөн,Bayan-Ölgii,Баян-Өлгей,Баян-Өлгий
"Sagsay Sum, Akkhorim",Sagsai,Сагсай,Сагсай,Aqqorym,Аққорым,,Bayan-Ölgii,Баян-Өлгей,Баян-Өлгий
"Sagsay Sum, Akkhorim/Сагсай сұмын, Аққорым, Bayan Ölgii",Sagsai,Сагсай,Сагсай,Aqqorym,Аққорым,,Bayan-Ölgii,Баян-Өлгей,Баян-Өлгий
"Sagsay Sum, Arkhalykh",Sagsai,Сагсай,Сагсай,Arkhalykh,Арқалық,,Bayan-Ölgii,Баян-Өлгей,Баян-Өлгий
"Sagsay Sum, Dayan Arkhalykh",Sagsai,Сагсай,Сагсай,Arkhalykh,Арқалық,,Bayan-Ölgii,Баян-Өлгей,Баян-Өлгий
"Sagsay Sum, Arkhalykh/Сагсай сұмын, Арқалық, Bayan Ölgii",Sagsai,Сагсай,Сагсай,Arkhalykh,Арқалық,,Bayan-Ölgii,Баян-Өлгей,Баян-Өлгий
"Sagsay Sum, Dayan Arkhalykh, Bayan Ölgii",Sagsai,Сагсай,Сагсай,Arkhalykh,Арқалық,,Bayan-Ölgii,Баян-Өлгей,Баян-Өлгий
near Dayan Lake,Sagsai,Сагсай,Сагсай,Dayan,Даян,,Bayan-Ölgii,Баян-Өлгей,Баян-Өлгий
"Sagsai Sum, Dayan",Sagsai,Сагсай,Сагсай,Dayan,Даян,,Bayan-Ölgii,Баян-Өлгей,Баян-Өлгий
"Sagsai, Dayan",Sagsai,Сагсай,Сагсай,Dayan,Даян,,Bayan-Ölgii,Баян-Өлгей,Баян-Өлгий
"near Dayan Lake/Даян көлінің маңы, Bayan Ölgii",Sagsai,Сагсай,Сагсай,Dayan,Даян,,Bayan-Ölgii,Баян-Өлгей,Баян-Өлгий
"Sagsai, Dayan/Сагсай, Даян, Bayan Ölgii",Sagsai,Сагсай,Сагсай,Dayan,Даян,,Bayan-Ölgii,Баян-Өлгей,Баян-Өлгий
"Sagsai Sum, Dayan/Сагсай сұмыны, Даян, Bayan Ölgii",Sagsai,Сагсай,Сагсай,Dayan,Даян,,Bayan-Ölgii,Баян-Өлгей,Баян-Өлгий
"Sagsay Sum, Dayan Esik",Sagsai,Сагсай,Сагсай,Dayan Esik,Даян Есік,,Bayan-Ölgii,Баян-Өлгей,Баян-Өлгий
"Sagsay Sum, Dayan Esik/Сагсай сұмыны, Даян Есік, Bayan Ölgii",Sagsai,Сагсай,Сагсай,Dayan Esik,Даян Есік,,Bayan-Ölgii,Баян-Өлгей,Баян-Өлгий
"Sagsay Sum, Dayan Esik/Сагсай сұмын, Даян Есік, Bayan Ölgii",Sagsai,Сагсай,Сагсай,Dayan Esik,Даян Есік,,Bayan-Ölgii,Баян-Өлгей,Баян-Өлгий
"Sagsay Sum, Eki Boken",Sagsai,Сагсай,Сагсай,Eki Böken,Екібөкен,,Bayan-Ölgii,Баян-Өлгей,Баян-Өлгий
"Sagsay Sum, Ekiboken",Sagsai,Сагсай,Сагсай,Eki Böken,Екібөкен,,Bayan-Ölgii,Баян-Өлгей,Баян-Өлгий
"Sagsay Sum, Eki Boken/Сагсай сұмыны, Екібөкен, Bayan Ölgii",Sagsai,Сагсай,Сагсай,Eki Böken,Екібөкен,,Bayan-Ölgii,Баян-Өлгей,Баян-Өлгий
"Sagsay Sum, Ekiboken/Сагсай сұмын, Екібөкен, Bayan Ölgii",Sagsai,Сагсай,Сагсай,Eki Böken,Екібөкен,,Bayan-Ölgii,Баян-Өлгей,Баян-Өлгий
"Sagsay Sum, Jalanash",Sagsai,Сагсай,Сагсай,Jalanash,Жалаңаш,,Bayan-Ölgii,Баян-Өлгей,Баян-Өлгий
"Sagsay Sum, Jalanash/Сагсай сұмын, Жалаңаш, Bayan Ölgii",Sagsai,Сагсай,Сагсай,Jalanash,Жалаңаш,,Bayan-Ölgii,Баян-Өлгей,Баян-Өлгий
Sagsai center,Sagsai,Сагсай,Сагсай,Sum centre,сұмын орталығы,сумын төв,Bayan-Ölgii,Баян-Өлгей,Баян-Өлгий
Sagsai Sum Center,Sagsai,Сагсай,Сагсай,Sum centre,сұмын орталығы,сумын төв,Bayan-Ölgii,Баян-Өлгей,Баян-Өлгий
Sagsay Sum,Sagsai,Сагсай,Сагсай,Sum centre,сұмын орталығы,сумын төв,Bayan-Ölgii,Баян-Өлгей,Баян-Өлгий
Sagsay Sum Center,Sagsai,Сагсай,Сагсай,Sum centre,сұмын орталығы,сумын төв,Bayan-Ölgii,Баян-Өлгей,Баян-Өлгий
"Sagsai center/Сагсай орталығы, Bayan Ölgii",Sagsai,Сагсай,Сагсай,Sum centre,сұмын орталығы,сумын төв,Bayan-Ölgii,Баян-Өлгей,Баян-Өлгий
"Sagsai Sum Center, Bayan Ölgii",Sagsai,Сагсай,Сагсай,Sum centre,сұмын орталығы,сумын төв,Bayan-Ölgii,Баян-Өлгей,Баян-Өлгий
"Sagsai Sum Center/Сагсай сұмын орталығы, Bayan Ölgii",Sagsai,Сагсай,Сагсай,Sum centre,сұмын орталығы,сумын төв,Bayan-Ölgii,Баян-Өлгей,Баян-Өлгий
"Sagsay Sum/Сагсай сұмыны, Bayan Ölgii",Sagsai,Сагсай,Сагсай,Sum centre,сұмын орталығы,сумын төв,Bayan-Ölgii,Баян-Өлгей,Баян-Өлгий
"Sagsay Sum/Сагсай сұмын, Bayan Ölgii",Sagsai,Сагсай,Сагсай,Sum centre,сұмын орталығы,сумын төв,Bayan-Ölgii,Баян-Өлгей,Баян-Өлгий
"Sagsay Sum Center/Сагсай сұмын орталығы, Bayan Ölgii",Sagsai,Сагсай,Сагсай,Sum centre,сұмын орталығы,сумын төв,Bayan-Ölgii,Баян-Өлгей,Баян-Өлгий
"Sagsay Sum, Turgan",Sagsai,Сагсай,Сагсай,Turgan,Тұрған,,Bayan-Ölgii,Баян-Өлгей,Баян-Өлгий
"Sagsay Sum, Turgan/Сагсай сұмын, Тұрған, Bayan Ölgii",Sagsai,Сагсай,Сагсай,Turgan,Тұрған,,Bayan-Ölgii,Баян-Өлгей,Баян-Өлгий
"Tsagaannuur Tosgon, Ortakul",Tsagaannuur,Цагааннуур,Цагааннуур,Ortakul,Ортақұл,,Bayan-Ölgii,Баян-Өлгей,Баян-Өлгий
"Tsagaannuur Tosgon, Ortakul/Цагааннуур тосгон , Ортақұл, Bayan Ölgii",Tsagaannuur,Цагааннуур,Цагааннуур,Ortakul,Ортақұл,,Bayan-Ölgii,Баян-Өлгей,Баян-Өлгий
Tsagaannuur Tosgon,Tsagaannuur,Цагааннуур,Цагааннуур,Village centre,тосгон орталығы,тосгоны төв,Bayan-Ölgii,Баян-Өлгей,Баян-Өлгий
Tsagaannuur Tosgon Center,Tsagaannuur,Цагааннуур,Цагааннуур,Village centre,тосгон орталығы,тосгоны төв,Bayan-Ölgii,Баян-Өлгей,Баян-Өлгий
"Tsagaannuur Tosgon/Цагааннуур тосгон, Bayan Ölgii",Tsagaannuur,Цагааннуур,Цагааннуур,Village centre,тосгон орталығы,тосгоны төв,Bayan-Ölgii,Баян-Өлгей,Баян-Өлгий
"Tsagaannuur Tosgon /Цагааннуур тосгон, Bayan Ölgii",Tsagaannuur,Цагааннуур,Цагааннуур,Village centre,тосгон орталығы,тосгоны төв,Bayan-Ölgii,Баян-Өлгей,Баян-Өлгий
"Tsagaannuur Tosgon Center/Цагааннуур тосгон  орталығы, Bayan Ölgii",Tsagaannuur,Цагааннуур,Цагааннуур,Village centre,тосгон орталығы,тосгоны төв,Bayan-Ölgii,Баян-Өлгей,Баян-Өлгий
"Ulaankhus Sum, Baige Tobe",Ulaankhus,Улаанхус,Улаанхус,Baige Töbe,Бәйге Төбе,,Bayan-Ölgii,Баян-Өлгей,Баян-Өлгий
"Ulaankhus Sum, Baige Tobe/Улаанхус, Бәйге Төбе, Bayan Ölgii",Ulaankhus,Улаанхус,Улаанхус,Baige Töbe,Бәйге Төбе,,Bayan-Ölgii,Баян-Өлгей,Баян-Өлгий
"Ulaankhus Sum, Sogaq",Ulaankhus,Улаанхус,Улаанхус,Sogaq,Соғақ,,Bayan-Ölgii,Баян-Өлгей,Баян-Өлгий
"Ulaankhus, Sogaq",Ulaankhus,Улаанхус,Улаанхус,Sogaq,Соғақ,,Bayan-Ölgii,Баян-Өлгей,Баян-Өлгий
"Ulaankhus, Sogaq/Улаанхус сұмыны, Соғақ, Bayan Ölgii",Ulaankhus,Улаанхус,Улаанхус,Sogaq,Соғақ,,Bayan-Ölgii,Баян-Өлгей,Баян-Өлгий
"Ulaankhus Sum, Sogaq/Улаанхус сұмыны, Соғақ, Bayan Ölgii",Ulaankhus,Улаанхус,Улаанхус,Sogaq,Соғақ,,Bayan-Ölgii,Баян-Өлгей,Баян-Өлгий
"Ulaankhus Sum, Sogaq/Улаанхус сұмын, Соғақ, Bayan Ölgii",Ulaankhus,Улаанхус,Улаанхус,Sogaq,Соғақ,,Bayan-Ölgii,Баян-Өлгей,Баян-Өлгий
Ulaankhus Sum,Ulaankhus,Улаанхус,Улаанхус,Sum centre,сұмын орталығы,сумын төв,Bayan-Ölgii,Баян-Өлгей,Баян-Өлгий
"Ulaankhus Sum/Улаанхус сұмын, Bayan Ölgii",Ulaankhus,Улаанхус,Улаанхус,Sum centre,сұмын орталығы,сумын төв,Bayan-Ölgii,Баян-Өлгей,Баян-Өлгий
"Ulaankhus Sum, Tasty Bulaq",Ulaankhus,Улаанхус,Улаанхус,Tasty Bulaq,Тасты Бұлақ,,Bayan-Ölgii,Баян-Өлгей,Баян-Өлгий
"Ulaankhus Sum, Tasty Bylaq",Ulaankhus,Улаанхус,Улаанхус,Tasty Bulaq,Тасты Бұлақ,,Bayan-Ölgii,Баян-Өлгей,Баян-Өлгий
"Ulaankhus Sum, Tasty Bulaq/Улаанхус сұмын, Тасты Бұлақ, Bayan Ölgii",Ulaankhus,Улаанхус,Улаанхус,Tasty Bulaq,Тасты Бұлақ,,Bayan-Ölgii,Баян-Өлгей,Баян-Өлгий
"Ulaankhus Sum, Tasty Bylaq, Bayan Ölgii",Ulaankhus,Улаанхус,Улаанхус,Tasty Bulaq,Тасты Бұлақ,,Bayan-Ölgii,Баян-Өлгей,Баян-Өлгий
"Ulaankhus Sum, Tasty Bylaq/Улаанхус сұмыны, Тасты Бұлақ, Bayan Ölgii",Ulaankhus,Улаанхус,Улаанхус,Tasty Bulaq,Тасты Бұлақ,,Bayan-Ölgii,Баян-Өлгей,Баян-Өлгий
Ölgii,Ölgii city,Өлгей қаласы,Өлгий хот,,,,Bayan-Ölgii,Баян-Өлгей,Баян-Өлгий
Ölgii city,Ölgii city,Өлгей қаласы,Өлгий хот,,,,Bayan-Ölgii,Баян-Өлгей,Баян-Өлгий
Ölgii Sum,Ölgii city,Өлгей қаласы,Өлгий хот,,,,Bayan-Ölgii,Баян-Өлгей,Баян-Өлгий
"Ölgii/Өлгей, Bayan Ölgii",Ölgii city,Өлгей қаласы,Өлгий хот,,,,Bayan-Ölgii,Баян-Өлгей,Баян-Өлгий
"Ölgii/Ölgii, Bayan Ölgii",Ölgii city,Өлгей қаласы,Өлгий хот,,,,Bayan-Ölgii,Баян-Өлгей,Баян-Өлгий
"Ölgii city/Өлгей қаласы, Bayan Ölgii",Ölgii city,Өлгей қаласы,Өлгий хот,,,,Bayan-Ölgii,Баян-Өлгей,Баян-Өлгий
"Ölgii Sum/Өлгей сұмын, Bayan Ölgii",Ölgii city,Өлгей қаласы,Өлгий хот,,,,Bayan-Ölgii,Баян-Өлгей,Баян-Өлгий
